Sound\Spells\AbolishMagic.wav,
Sound\Spells\AbsorbGetHitA.wav,
Sound\Spells\AbsorbGetHitB.wav,
Sound\Spells\AbsorbGetHitC.wav,
Sound\Spells\AchievmentSound1.wav,
Sound\Spells\AcidBreath.wav,
Sound\Spells\AcidCloudBreathFast.wav,
Sound\Spells\AcidCloudBreathSlow.wav,
Sound\Spells\AkilzonBirdSwoosh1.wav,
Sound\Spells\AkilzonBirdSwoosh2.wav,
Sound\Spells\AkilzonBirdSwoosh3.wav,
Sound\Spells\AkilzonBirdSwoosh4.wav,
Sound\Spells\AkilzonEagleSpell1.wav,
Sound\Spells\AkilzonEagleSpell2.wav,
Sound\Spells\AkilzonEagleSpell3.wav,
Sound\Spells\AlchemyCauldronImpactAll.wav,
Sound\Spells\AntiHoly.wav,
Sound\Spells\AntiMagicShellImpact.wav,
Sound\Spells\AnveenaPrisonLoop.wav,
Sound\Spells\ArcaneExplosion.wav,
Sound\Spells\ArcaneMissileImpact1a.wav,
Sound\Spells\ArcaneMissileImpact1b.wav,
Sound\Spells\ArcaneMissileImpact1c.wav,
Sound\Spells\arcanepower_state_chest.wav,
Sound\Spells\Arcane_Form_Precast.wav,
Sound\Spells\ArmorKitBuffSound.wav,
Sound\Spells\AspectofTheBeast.wav,
Sound\Spells\AspectofTheCheeta.wav,
Sound\Spells\AspectofTheHawk.wav,
Sound\Spells\AspectofTheMonkey.wav,
Sound\Spells\AspectofThePack.wav,
Sound\Spells\AspectofTheSnake.wav,
Sound\Spells\AspectofTheWolf.wav,
Sound\Spells\AstralRecall.wav,
Sound\Spells\avengingwrath_impact_base.wav,
Sound\Spells\BackStab_Impact_Chest.wav,
Sound\Spells\BackStab_Impact_ChestDRU.wav,
Sound\Spells\banish_chest_purpleLoop.wav,
Sound\Spells\BattleShoutTarget.wav,
Sound\Spells\BeaconofLightImpact1.wav,
Sound\Spells\BeaconofLightImpact2.wav,
Sound\Spells\BeaconofLightImpact3.wav,
Sound\Spells\BeastCall.wav,
Sound\Spells\BeastSoothe.wav,
Sound\Spells\BeastTaming.wav,
Sound\Spells\BestowDiseaseImpact.wav,
Sound\Spells\bind2_Impact_Base.wav,
Sound\Spells\BladesRingImpact.wav,
Sound\Spells\Blade_of_Azzinoth_Impact.wav,
Sound\Spells\BlizzardImpact1a.wav,
Sound\Spells\BlizzardImpact1b.wav,
Sound\Spells\BlizzardImpact1c.wav,
Sound\Spells\BlizzardImpact1d.wav,
Sound\Spells\BlizzardImpact1e.wav,
Sound\Spells\BlizzardImpact1f.wav,
Sound\Spells\BloodBoil.wav,
Sound\Spells\bloodbolt_chestLoop.wav,
Sound\Spells\bloodlust_player_cast_head.wav,
Sound\Spells\BomberBoostersCast.wav,
Sound\Spells\Bomb_ExplosionPumpkin1.wav,
Sound\Spells\Bomb_ExplosionPumpkin2.wav,
Sound\Spells\Bomb_ExplosionPumpkin3.wav,
Sound\Spells\BoneGolem_Cleave_Impact_Chest_01.wav,
Sound\Spells\BoneGolem_Cleave_Impact_Chest_02.wav,
Sound\Spells\BoneGolem_Cleave_Impact_Chest_03.wav,
Sound\Spells\BoneGolem_FlamestrikeSmall_Blue_Impact_Base_01.wav,
Sound\Spells\BoneGolem_FlamestrikeSmall_Blue_Impact_Base_02.wav,
Sound\Spells\BoneGolem_FlamestrikeSmall_Blue_Impact_Base_03.wav,
Sound\Spells\BoneGolem_IceSpike_Impact_New_01.wav,
Sound\Spells\BoneGolem_IceSpike_Impact_New_02.wav,
Sound\Spells\BoneGolem_IceSpike_Impact_New_03.wav,
Sound\Spells\BoneGolem_Immolate_Blue_Impact_Chest-02.wav,
Sound\Spells\BoneGolem_Immolate_Blue_Impact_Chest-03.wav,
Sound\Spells\BoneGolem_Immolate_Blue_Impact_Chest_01.wav,
Sound\Spells\BoneGolem_Immolate_Blue_State_Base_01.wav,
Sound\Spells\BoneGolem_Immolate_Blue_State_Base_02.wav,
Sound\Spells\BoneGolem_Immolate_Blue_State_Base_03.wav,
Sound\Spells\Bonk1.wav,
Sound\Spells\Bonk2.wav,
Sound\Spells\Bonk3.wav,
Sound\Spells\BoulderImpact1.wav,
Sound\Spells\BoulderImpact2.wav,
Sound\Spells\BoulderImpact3.wav,
Sound\Spells\BrutallasBreakIceDoor.wav,
Sound\Spells\BullRush.wav,
Sound\Spells\BurningSpirit.wav,
Sound\Spells\BurrowWormBirth.wav,
Sound\Spells\BurrowWormPrecast1.wav,
Sound\Spells\BurrowWormPrecast2.wav,
Sound\Spells\BurrowWormPrecast3.wav,
Sound\Spells\BurrowWormPrecast4.wav,
Sound\Spells\BurrowWormPrecast5.wav,
Sound\Spells\BurrowWormPrecast6.wav,
Sound\Spells\CallLightning.wav,
Sound\Spells\CampFireCreatePrecast.wav,
Sound\Spells\CannilbalizeLoop.wav,
Sound\Spells\Cannon_Cast1.wav,
Sound\Spells\Cannon_Cast2.wav,
Sound\Spells\Cannon_Cast3.wav,
Sound\Spells\Cannon_Impact_Dust1.wav,
Sound\Spells\Cannon_Impact_Dust2.wav,
Sound\Spells\Cannon_Impact_Dust3.wav,
Sound\Spells\Cast\FireCast.wav,
Sound\Spells\Cast\HolyCast.wav,
Sound\Spells\Cast\IceCast.wav,
Sound\Spells\Cast\NatureCast.wav,
Sound\Spells\Cast\ShadowCast.wav,
Sound\Spells\Catapult_Plague_BarrelCast1.wav,
Sound\Spells\Catapult_Plague_BarrelCast2.wav,
Sound\Spells\Catapult_Plague_BarrelCast3.wav,
Sound\Spells\Catapult_Plague_BarrelCast4.wav,
Sound\Spells\Catapult_Plague_BarrelMissile.wav,
Sound\Spells\Catapult_Plague_Barrel_Impact1.wav,
Sound\Spells\Catapult_Plague_Barrel_Impact2.wav,
Sound\Spells\Catapult_Plague_Barrel_Impact3.wav,
Sound\Spells\Chaff_Impact.wav,
Sound\Spells\ChainLightning_Fel_Impact_Chest.wav,
Sound\Spells\ChainsOfIceImpact.wav,
Sound\Spells\ChainsOfIceLoop.wav,
Sound\Spells\ChallengingRoar.wav,
Sound\Spells\ChallengingShout.wav,
Sound\Spells\ChaosBoltMissile.wav,
Sound\Spells\CheatDeath.wav,
Sound\Spells\ChristmasSnowRain.wav,
Sound\Spells\circle_of_renewal_impact.wav,
Sound\Spells\Clearcasting_Impact_Chest.wav,
Sound\Spells\CleaveTarget.wav,
Sound\Spells\ColdBlood.wav,
Sound\Spells\ConcussiveShotImpact.wav,
Sound\Spells\ConeofColdHand.wav,
Sound\Spells\ConstrictingChains.wav,
Sound\Spells\consume_magic_impact.wav,
Sound\Spells\CounterSpell.wav,
Sound\Spells\Cower.wav,
Sound\Spells\Creature_SpellPortalLarge_All_Colors.wav,
Sound\Spells\Creature_SpellPortal_LargeShadow.wav,
Sound\Spells\Cripple.wav,
Sound\Spells\CrowdCheerAlliance1.wav,
Sound\Spells\CrowdCheerAlliance2.wav,
Sound\Spells\CrowdCheerHorde1.wav,
Sound\Spells\CrowdCheerHorde2.wav,
Sound\Spells\CthunEyeAttackLoop.wav,
Sound\Spells\Curse.wav,
Sound\Spells\CurseofTounges.wav,
Sound\Spells\CutToTheChase_Impact1.wav,
Sound\Spells\CutToTheChase_Impact2.wav,
Sound\Spells\CutToTheChase_Impact3.wav,
Sound\Spells\deadly_throw_impact_chest.wav,
Sound\Spells\DeathandDecayLoop.wav,
Sound\Spells\DeathCoilTarget.wav,
Sound\Spells\DeathKnightBloodtap.wav,
Sound\Spells\Deathknight_AntimagicShell.wav,
Sound\Spells\DeathKnight_AntiMagicZone.wav,
Sound\Spells\DeathKnight_Bloodboil.wav,
Sound\Spells\Deathknight_Bloodpresence.wav,
Sound\Spells\DeathKnight_BloodStrike1.wav,
Sound\Spells\DeathKnight_BloodStrike2.wav,
Sound\Spells\DeathKnight_BloodStrike3.wav,
Sound\Spells\DeathKnight_BoneArmor.wav,
Sound\Spells\Deathknight_DeathChill.wav,
Sound\Spells\DeathKnight_DeathCoil_Missile.wav,
Sound\Spells\Deathknight_Deathgate.wav,
Sound\Spells\DeathKnight_DeathpactCaster.wav,
Sound\Spells\DeathKnight_DeathpactTarget.wav,
Sound\Spells\Deathknight_Deathstrike1.wav,
Sound\Spells\Deathknight_Deathstrike2.wav,
Sound\Spells\Deathknight_Deathstrike3.wav,
Sound\Spells\Deathknight_Deathstrike4.wav,
Sound\Spells\deathknight_empowerruneblade.wav,
Sound\Spells\Deathknight_FrostPresence.wav,
Sound\Spells\Deathknight_Froststrike1.wav,
Sound\Spells\Deathknight_Froststrike2.wav,
Sound\Spells\DeathKnight_FrozenRuneWeapon_Impact.wav,
Sound\Spells\DeathKnight_Ghoul_Explode1.wav,
Sound\Spells\DeathKnight_Ghoul_Explode2.wav,
Sound\Spells\DeathKnight_Ghoul_Explode3.wav,
Sound\Spells\Deathknight_HeartStrike1.wav,
Sound\Spells\Deathknight_HeartStrike2.wav,
Sound\Spells\Deathknight_HeartStrike3.wav,
Sound\Spells\Deathknight_HeartStrike4.wav,
Sound\Spells\Deathknight_HeartStrike5.wav,
Sound\Spells\Deathknight_HeartStrike6.wav,
Sound\Spells\DeathKnight_HowlingBlastPrimary.wav,
Sound\Spells\Deathknight_Hysteria.wav,
Sound\Spells\deathknight_iceboundfortitudeStand.wav,
Sound\Spells\Deathknight_IcyTouch.wav,
Sound\Spells\DeathKnight_Lichborne_State.wav,
Sound\Spells\DeathKnight_MarkofBlood.wav,
Sound\Spells\Deathknight_MindFreeze.wav,
Sound\Spells\Deathknight_Obliterate1.wav,
Sound\Spells\Deathknight_Obliterate2.wav,
Sound\Spells\Deathknight_Obliterate3.wav,
Sound\Spells\Deathknight_PlagueStrike1.wav,
Sound\Spells\Deathknight_PlagueStrike2.wav,
Sound\Spells\Deathknight_PlagueStrike3.wav,
Sound\Spells\Deathknight_PlagueStrike_Ver2_1.wav,
Sound\Spells\Deathknight_PlagueStrike_Ver2_2.wav,
Sound\Spells\Deathknight_PlagueStrike_Ver2_3.wav,
Sound\Spells\Deathknight_StrangulateStand.wav,
Sound\Spells\DeathKnight_SummonWarHorse_Impact_Base.wav,
Sound\Spells\Deathknight_Unholyblight.wav,
Sound\Spells\Deathknight_Unholypresence.wav,
Sound\Spells\Decimate_StateStand.wav,
Sound\Spells\DecisiveStrike.wav,
Sound\Spells\DefensiveStance.wav,
Sound\Spells\DefensiveStance_Impact_chest.wav,
Sound\Spells\DemonArmor.wav,
Sound\Spells\DemonBreath.wav,
Sound\Spells\DemonicCircleSummon.wav,
Sound\Spells\DemonicSummonTeleport1.wav,
Sound\Spells\DemonicSummonTeleport2.wav,
Sound\Spells\DemonicSummonTeleport3.wav,
Sound\Spells\DetectInvisibilityImpact.wav,
Sound\Spells\DevotionAura.wav,
Sound\Spells\DirectDamage\HolyImpactDDHigh.wav,
Sound\Spells\DirectDamage\HolyImpactDDLow.wav,
Sound\Spells\DirectDamage\HolyImpactDDMedium.wav,
Sound\Spells\DirectDamage\HolyImpactDDUber.wav,
Sound\Spells\Disarm.wav,
Sound\Spells\DisarmTrap1.wav,
Sound\Spells\DisarmTrap2.wav,
Sound\Spells\DisarmTrap3.wav,
Sound\Spells\DisarmTrap4.wav,
Sound\Spells\DisarmTrap5.wav,
Sound\Spells\Disembowel_Impact.wav,
Sound\Spells\Dispel_Low_Base.wav,
Sound\Spells\DivineShield.wav,
Sound\Spells\DivineStormDamage1.wav,
Sound\Spells\DivineStormDamage2.wav,
Sound\Spells\DivineStormDamage3.wav,
Sound\Spells\DivineStormHeal1.wav,
Sound\Spells\DivineStormHeal2.wav,
Sound\Spells\DivineStormState.wav,
Sound\Spells\DK_DeathnDecayImpact.wav,
Sound\Spells\DrowningLoop.wav,
Sound\Spells\DruidMorph_Impact_Base.wav,
Sound\Spells\Druid_Berserk.wav,
Sound\Spells\Druid_Brambles1.wav,
Sound\Spells\Druid_Brambles2.wav,
Sound\Spells\Druid_Brambles3.wav,
Sound\Spells\Druid_Eclipse.wav,
Sound\Spells\Druid_FeralCharge.wav,
Sound\Spells\Druid_Flourish.wav,
Sound\Spells\Druid_Nourish.wav,
Sound\Spells\Druid_Pounce.wav,
Sound\Spells\Druid_Replenish.wav,
Sound\Spells\Druid_SavageRoar_Impact01.wav,
Sound\Spells\Druid_SavageRoar_Impact02.wav,
Sound\Spells\Druid_SavageRoar_Impact03.wav,
Sound\Spells\Druid_StarfallMissile1.wav,
Sound\Spells\Druid_StarfallMissile2.wav,
Sound\Spells\Druid_StarfallMissile3.wav,
Sound\Spells\Druid_Survival_Istincts.wav,
Sound\Spells\DynamiteExplode.wav,
Sound\Spells\EarthquakeCameraShake.wav,
Sound\Spells\earthshield_impact_base.wav,
Sound\Spells\EndlessRage_State_Head.wav,
Sound\Spells\EnlargeCast.wav,
Sound\Spells\EntanglingRoots.wav,
Sound\Spells\EntanglingRootsEndState.wav,
Sound\Spells\EnvelopingWindLoop.wav,
Sound\Spells\EviscerateTarget.wav,
Sound\Spells\ExecuteTarget.wav,
Sound\Spells\Exorcism.wav,
Sound\Spells\EyeBlastVisual.wav,
Sound\Spells\EyeOfKilroggDeath.wav,
Sound\Spells\EyeOfKilroggRunLoop.wav,
Sound\Spells\EyeOfKilroggStandLoop.wav,
Sound\Spells\FaerieFire.wav,
Sound\Spells\FairyTale_SFX_01.wav,
Sound\Spells\FanofKnivesLoop.wav,
Sound\Spells\FarsightLoop.wav,
Sound\Spells\Fart_01.wav,
Sound\Spells\Fart_02.wav,
Sound\Spells\Fear.wav,
Sound\Spells\FelEnergyCosmeticLoop.wav,
Sound\Spells\FelFireImpact_01.wav,
Sound\Spells\FelFireImpact_02.wav,
Sound\Spells\FelFireImpact_03.wav,
Sound\Spells\Fel_armor_Impact_head.wav,
Sound\Spells\Festergut_BlightSpore_Impact_01.wav,
Sound\Spells\Festergut_BlightSpore_Impact_02.wav,
Sound\Spells\Festergut_BlightSpore_Impact_03.wav,
Sound\Spells\Festergut_BlightSpore_Impact_04.wav,
Sound\Spells\Festergut_BlightSpore_Impact_05.wav,
Sound\Spells\Festergut_BlightSpore_Impact_06.wav,
Sound\Spells\Festergut_BlightSpore_Impact_07.wav,
Sound\Spells\Festergut_BlightSpore_Impact_08.wav,
Sound\Spells\Festergut_Inhale_gas_Loop_01.wav,
Sound\Spells\Festergut_Inhale_gas_Loop_02.wav,
Sound\Spells\Festergut_PlagueCloudLoop_01.wav,
Sound\Spells\Festergut_PlagueCloudLoop_02.wav,
Sound\Spells\Festergut_PlagueCloudLoop_03.wav,
Sound\Spells\FieBlast_Blue_ImpactA.wav,
Sound\Spells\FieBlast_Blue_ImpactB.wav,
Sound\Spells\FieBlast_Blue_ImpactC.wav,
Sound\Spells\FireBallImpactA.wav,
Sound\Spells\FireBallImpactB.wav,
Sound\Spells\FireBallImpactC.wav,
sound\spells\firebeam_state_base.wav,
Sound\Spells\FireBomb1.wav,
Sound\Spells\FireBomb2.wav,
Sound\Spells\FireBomb3.wav,
Sound\Spells\FireBomb4.wav,
Sound\Spells\FireBombImpact1.wav,
Sound\Spells\FireBombImpact2.wav,
Sound\Spells\FireBombImpact3.wav,
Sound\Spells\FireNova.wav,
Sound\Spells\FireResistance.wav,
Sound\Spells\FireShield.wav,
Sound\Spells\Firestarter_Impact01.wav,
Sound\Spells\FireWardTarget.wav,
Sound\Spells\Fire_Form_Precast.wav,
Sound\Spells\FirstAid.wav,
Sound\Spells\FishingBobber_ver2_1.wav,
Sound\Spells\FishingBobber_ver2_2.wav,
Sound\Spells\FishingBobber_ver2_3.wav,
Sound\Spells\FistOfJustice.wav,
Sound\Spells\Fizzle\FizzleFireA.wav,
Sound\Spells\Fizzle\FizzleFrostA.wav,
Sound\Spells\Fizzle\FizzleHolyA.wav,
Sound\Spells\Fizzle\FizzleNatureA.wav,
Sound\Spells\Fizzle\FizzleShadowA.wav,
Sound\Spells\Flamebreath.wav,
Sound\Spells\Flamestrike.wav,
Sound\Spells\FlamingPumpkinHeadMissileLoop.wav,
Sound\Spells\Flare.wav,
Sound\Spells\FlashHeal_Low_Base.wav,
Sound\Spells\FluteRun.wav,
Sound\Spells\focused_attacks_impact.wav,
Sound\Spells\forceofnature_impact.wav,
Sound\Spells\FreezingCircleImpact.wav,
Sound\Spells\FrostArmor.wav,
Sound\Spells\FrostBreath.wav,
Sound\Spells\FrostBreathLoop.wav,
Sound\Spells\FrostMourne_Shatters.wav,
Sound\Spells\FrostNova.wav,
Sound\Spells\FrostNovaStateEnd.wav,
Sound\Spells\FrostOrb_BeamFX.wav,
Sound\Spells\FrostSlash_Base_Cast.wav,
Sound\Spells\FrostWardTarget.wav,
Sound\Spells\Frost_Form_Precast.wav,
Sound\Spells\Frost_Orb_loop.wav,
Sound\Spells\FuriousHowl1.wav,
Sound\Spells\FuriousHowl2.wav,
Sound\Spells\FuriousHowl3.wav,
Sound\Spells\GhostlyStrikeImpact.wav,
Sound\Spells\giftofnaaru.wav,
Sound\Spells\GlassBreaking1.wav,
Sound\Spells\GlassBreaking2.wav,
Sound\Spells\GlassBreaking3.wav,
Sound\Spells\GoblinBreathChili.wav,
Sound\Spells\Goblin_Weather_Machine_Cloudy.wav,
Sound\Spells\Goblin_Weather_Machine_Lightning.wav,
Sound\Spells\Goblin_Weather_Machine_Rain.wav,
Sound\Spells\Goblin_Weather_Machine_Snow.wav,
Sound\Spells\Goblin_Wheather_Machine_Sunny.wav,
Sound\Spells\Goo_Flow_State_Black.wav,
Sound\Spells\GougeTarget.wav,
Sound\Spells\GreaterHeal_Low_Base.wav,
Sound\Spells\GuardedByLightImpact1.wav,
Sound\Spells\GuardedByLightImpact2.wav,
Sound\Spells\GuardedByLightImpact3.wav,
Sound\Spells\GuardedByLightImpact4.wav,
Sound\Spells\GuardedByLightImpact5.wav,
sound\spells\Halion_Fiery_Explosion.wav,
Sound\Spells\HammerOftheRighteousImpact.wav,
Sound\Spells\HammerOftheRighteousPreCast.wav,
Sound\Spells\HarmUndeadAura.wav,
Sound\Spells\HauntHeal1.wav,
Sound\Spells\HauntHeal2.wav,
Sound\Spells\HauntHeal4.wav,
Sound\Spells\HauntImpact1.wav,
Sound\Spells\HauntImpact2.wav,
Sound\Spells\HauntImpact3.wav,
Sound\Spells\HauntMissileLoop.wav,
Sound\Spells\HauntMissileSoulLoop.wav,
Sound\Spells\HealingAura.wav,
Sound\Spells\Heal_Low_Base.wav,
Sound\Spells\Heroism_Cast.wav,
Sound\Spells\HeroricLeap.wav,
Sound\Spells\Hex_Frog.wav,
Sound\Spells\HolyBolt.wav,
Sound\Spells\HolyLight_Low_Head.wav,
Sound\Spells\HolyProtection.wav,
Sound\Spells\HolyWard.wav,
Sound\Spells\Holy_Form_Precast.wav,
Sound\Spells\Holy_ImpactDD_Uber_Base.wav,
Sound\Spells\Holy_ImpactDD_Uber_Chest.wav,
Sound\Spells\honor_among_thieves_impact.wav,
Sound\Spells\hungerforblood_impact.wav,
Sound\Spells\hungerforblood_state.wav,
Sound\Spells\Hunter_ChimeraShotImpact1.wav,
Sound\Spells\Hunter_ChimeraShotImpact2.wav,
Sound\Spells\Hunter_ChimeraShotImpact3.wav,
Sound\Spells\Hunter_ChimeraShotImpact4.wav,
Sound\Spells\Hunter_chimerashotMissile.wav,
Sound\Spells\Hunter_CobraStrikesImpact.wav,
Sound\Spells\Hunter_ExplosiveShotImpact1.wav,
Sound\Spells\Hunter_ExplosiveShotImpact2.wav,
Sound\Spells\Hunter_ExplosiveShotImpact3.wav,
Sound\Spells\Hunter_ExplosiveShotMissile.wav,
Sound\Spells\Hunter_LockAndLoad_1.wav,
Sound\Spells\Hunter_LockAndLoad_2.wav,
Sound\Spells\Hunter_LockAndLoad_3.wav,
Sound\Spells\Hunter_mastercallImpact.wav,
Sound\Spells\Hunter_RapidFire.wav,
Sound\Spells\Hunter_State beartrap_state.wav,
Sound\Spells\HydraSpecialAggro.wav,
Sound\Spells\IceBarrirerImpact.wav,
Sound\Spells\IceBarrirerState.wav,
Sound\Spells\IceBlastImpact.wav,
Sound\Spells\IcecrownRaid_QuarryofTears.wav,
Sound\Spells\IceCrown_Bug_Attack_01.wav,
Sound\Spells\IceCrown_Bug_Attack_02.wav,
Sound\Spells\IceCrown_Bug_Attack_03.wav,
Sound\Spells\IceCrown_Bug_Attack_04.wav,
Sound\Spells\IceCrown_Bug_Attack_05.wav,
Sound\Spells\IceCrown_Bug_Attack_06.wav,
Sound\Spells\IceCrown_Bug_Attack_07.wav,
Sound\Spells\IceCrown_Bug_Attack_08.wav,
Sound\Spells\IceCrown_Bug_Attack_09.wav,
Sound\Spells\IceCrown_Bug_Attack_10.wav,
Sound\Spells\IceCrown_HOR_JainaDestroyWall_01.wav,
Sound\Spells\IceNuke_Impact.wav,
Sound\Spells\IceNuke_MissileLoop.wav,
Sound\Spells\IceSpike_Impact_newStand.wav,
Sound\Spells\IceVeinsA.wav,
Sound\Spells\IceVeinsB.wav,
Sound\Spells\IceVeinsC.wav,
Sound\Spells\IceVeinsD.wav,
Sound\Spells\IceVeinsE.wav,
Sound\Spells\IceVeinsF.wav,
Sound\Spells\Ice_Lance_Impact1.wav,
Sound\Spells\IllidanFlameCrashVar1.wav,
Sound\Spells\IllidanFlameCrashVar2.wav,
Sound\Spells\IllidanFlameCrashVar3.wav,
Sound\Spells\IllidanFlameCrashVar4.wav,
Sound\Spells\IllidanFlameCrashVar5.wav,
Sound\Spells\IllidanFlameCrashVar6.wav,
Sound\Spells\IllidanFlameCrashVar7.wav,
Sound\Spells\IllidanFlameCrashVar8.wav,
Sound\Spells\IllidanGetBlades.wav,
Sound\Spells\IllidanShadowBlast1.wav,
Sound\Spells\IllidanShadowBlast2.wav,
Sound\Spells\IllidanShadowBlast3.wav,
Sound\Spells\IllidanShearImpact1.wav,
Sound\Spells\IllidanShearImpact2.wav,
Sound\Spells\IllidanShearImpact3.wav,
Sound\Spells\Immolate.wav,
Sound\Spells\Impact_Dark_Loop_01.wav,
Sound\Spells\Impact_Dark_Loop_02.wav,
Sound\Spells\Impact_Dark_Loop_03.wav,
Sound\Spells\ImprovedMoonkinForm.wav,
Sound\Spells\incinerate_impact_base.wav,
Sound\Spells\Incinerate_Low_Base.wav,
Sound\Spells\InfernalImpactBase.wav,
Sound\Spells\InfusionofLightImpact.wav,
Sound\Spells\Ingvar_PreResPurpleBeamCast.wav,
Sound\Spells\Ingvar_PreResPurpleBeamLoop.wav,
Sound\Spells\Ingvar_PreResWhiteBeamCast.wav,
Sound\Spells\Ingvar_PreResWhiteBeamLoop.wav,
Sound\Spells\Ingvar_ResurrectionGroundVisual.wav,
Sound\Spells\Ingvar_ResurrectionGroundVisualLoop.wav,
Sound\Spells\Ingvar_ResurrectionVisualCast.wav,
Sound\Spells\InnerFire.wav,
Sound\Spells\InnerFireA.wav,
Sound\Spells\InnerFireB.wav,
Sound\Spells\InnerFireC.wav,
Sound\Spells\InsectSwarm_State_Chest.wav,
Sound\Spells\Invisibility_Impact_Chest.wav,
Sound\Spells\JennysWhistle.wav,
Sound\Spells\JewelCraftingLoop.wav,
Sound\Spells\JudgementofThePure.wav,
Sound\Spells\JudgmentsoftheWiseImpact.wav,
Sound\Spells\Kidneyshot.wav,
Sound\Spells\KilJaedenCustom08.wav,
Sound\Spells\KilJaedenCustomSpell07_01.wav,
Sound\Spells\KilJaedenCustomSpell07_02.wav,
Sound\Spells\KilJaedenCustomSpell07_03.wav,
Sound\Spells\KilJaedenShadowSpikeMissile.wav,
Sound\Spells\KilJaedenSoulFlayLoop.wav,
Sound\Spells\KillCommand.wav,
Sound\Spells\KnockDown.wav,
Sound\Spells\KrakkenWhirlwind.wav,
Sound\Spells\Lacerate_Impact.wav,
Sound\Spells\LayOnHands_Low_Chest.wav,
Sound\Spells\LayonHands_Low_Head.wav,
Sound\Spells\LevelUp.wav,
Sound\Spells\LevitateImpact.wav,
Sound\Spells\LichKing_RaiseDead_01.wav,
sound\spells\LichKing_Shadow_ImpactDD_Uber_01.wav,
sound\spells\LichKing_Shadow_ImpactDD_Uber_02.wav,
sound\spells\LichKing_Shadow_ImpactDD_Uber_03.wav,
Sound\Spells\LifeBloom_Impact.wav,
Sound\Spells\LifeDrainLoop.wav,
Sound\Spells\LightningBoltImpact.wav,
Sound\Spells\LightningBolt_SaurFang_01.wav,
Sound\Spells\LightningBolt_SaurFang_02.wav,
Sound\Spells\LightningBolt_SaurFang_03.wav,
Sound\Spells\LightningBolt_SaurFang_04.wav,
Sound\Spells\LightningBolt_SaurFang_05.wav,
Sound\Spells\LightningShieldImpact.wav,
Sound\Spells\Lightning_Fel_Precast_Low_Hand.wav,
Sound\Spells\MadrigosaSummonFelblaze.wav,
Sound\Spells\MAgeArmorImpact.wav,
Sound\Spells\Mage_ArcaneBarrage_Impact1.wav,
Sound\Spells\Mage_ArcaneBarrage_Impact2.wav,
Sound\Spells\Mage_ArcaneBarrage_Impact3.wav,
Sound\Spells\Mage_ArcaneBarrage_MissileLoop.wav,
Sound\Spells\Mage_DeepFreeze.wav,
Sound\Spells\mage_dragons_breath.wav,
Sound\Spells\Mage_FireFrostboltMissile.wav,
Sound\Spells\Mage_Hotstreak1.wav,
Sound\Spells\Mage_Hotstreak2.wav,
Sound\Spells\Mage_Hotstreak3.wav,
Sound\Spells\Mage_IncantersAbsorbtion.wav,
Sound\Spells\Mage_LivingBombState1.wav,
Sound\Spells\Mage_LivingBombState2.wav,
Sound\Spells\Mage_LivingBombState3.wav,
Sound\Spells\Mage_LivingBomb_Area.wav,
Sound\Spells\Mage_NetherwingPresence.wav,
Sound\Spells\Mage_Riptide_Impact.wav,
Sound\Spells\MaievCageTrapVisualLoop.wav,
Sound\Spells\MaimImpact.wav,
Sound\Spells\Mame_Impact.wav,
Sound\Spells\ManaBurnImpact.wav,
Sound\Spells\Mangle_Impact.wav,
Sound\Spells\MeltOreTarget.wav,
Sound\Spells\MeteorImpactBase1.wav,
Sound\Spells\MeteorImpactBase2.wav,
Sound\Spells\MeteorImpactBase3.wav,
Sound\Spells\MidSummer-TorchGameComplete.wav,
Sound\Spells\MidSummerFlamebreath.wav,
Sound\Spells\MindRotTarget.wav,
Sound\Spells\misdirection_impact_head.wav,
Sound\Spells\Missile\FireMissileLoop.wav,
Sound\Spells\Missile\HolyMissileLoop.wav,
Sound\Spells\Missile\IceMissileLoop.wav,
Sound\Spells\Missile\NAtureMissileLoop.wav,
Sound\Spells\Missile\ShadowMissileLoop.wav,
Sound\Spells\Missile_wave_Water.wav,
Sound\Spells\MoltenBlastImpact.wav,
Sound\Spells\Molten_Armor_Head1.wav,
Sound\Spells\MoltovCocktailImpactA.wav,
Sound\Spells\MoltovCocktailImpactB.wav,
Sound\Spells\MoltovCocktailImpactC.wav,
Sound\Spells\MoonBeam_Impact_BaseTarget.wav,
Sound\Spells\MoonFireImpact.wav,
Sound\Spells\murder_spree_impact.wav,
Sound\Spells\MuruEntropiusSpawn.wav,
Sound\Spells\MuruOpenPortal.wav,
Sound\Spells\mutilate_impact_chest.wav,
Sound\Spells\NagaMissileLoop.wav,
Sound\Spells\NatureImpact.wav,
Sound\Spells\NatureResistance.wav,
Sound\Spells\Nature_Form_Precast.wav,
Sound\Spells\NefarianZoneDeath1.wav,
Sound\Spells\NetherPowerImpact.wav,
Sound\Spells\NetherwindFocusImpact.wav,
Sound\Spells\Nexus_Raid_Floating_platform_BeamFX.wav,
Sound\Spells\NullifyPoison.wav,
Sound\Spells\OwlkinFrenzy.wav,
Sound\Spells\Paladin_ShieldofRighteousness1.wav,
Sound\Spells\Paladin_ShieldofRighteousness2.wav,
Sound\Spells\Paladin_ShieldofRighteousness3.wav,
Sound\Spells\ParachuteLoop.wav,
Sound\Spells\PathFinding.wav,
Sound\Spells\PetCall.wav,
Sound\Spells\PlayerDamage\FallingDamageA.wav,
Sound\Spells\PlayerDamage\FallingDamageB.wav,
Sound\Spells\PlayerDamage\FallingDamageC.wav,
Sound\Spells\PlayerDamage\LavaDamageA.wav,
Sound\Spells\PlayerDamage\LavaDamageB.wav,
Sound\Spells\PlayerDamage\LavaDamageC.wav,
Sound\Spells\PlayerDamage\SlimeDamageA.wav,
Sound\Spells\PlayerDamage\SlimeDamageB.wav,
Sound\Spells\PlayerDamage\SlimeDamageC.wav,
Sound\Spells\PolyMorphChicken.wav,
Sound\Spells\PolyMorphCow.wav,
Sound\Spells\PolyMorphPig.wav,
Sound\Spells\PolyMorphTarget.wav,
Sound\Spells\PolyMorphTurtle.wav,
Sound\Spells\Polymorph_Rabbit.wav,
Sound\Spells\Polymorph_Turkey.wav,
Sound\Spells\PrayerofHealing.wav,
Sound\Spells\prayerofmending_impact_head.wav,
Sound\Spells\PreCastFireHigh.wav,
Sound\Spells\PreCastFireLow.wav,
Sound\Spells\PreCastFireMedium.wav,
Sound\Spells\PreCastFrostMagicHigh.wav,
Sound\Spells\PreCastFrostMagicLow.wav,
Sound\Spells\PreCastFrostMagicMedium.wav,
Sound\Spells\PreCastHolyMagicHigh.wav,
Sound\Spells\PreCastHolyMagicLow.wav,
Sound\Spells\PreCastHolyMagicMedium.wav,
Sound\Spells\PreCastMageLow.wav,
Sound\Spells\PreCastNatureMagicHigh.wav,
Sound\Spells\PreCastNatureMagicLow.wav,
Sound\Spells\PreCastNatureMagicMedium.wav,
Sound\Spells\PreCastShadowMagicHigh.wav,
Sound\Spells\PreCastShadowMagicLow.wav,
Sound\Spells\PreCastShadowMagicMedium.wav,
Sound\Spells\PriestDispersionStand.wav,
Sound\Spells\Priest_DivinehymnStand.wav,
Sound\Spells\Priest_GuardianSpirit_State01.wav,
Sound\Spells\Priest_MindSearCast.wav,
Sound\Spells\Priest_MindShear1.wav,
Sound\Spells\Priest_MindShear2.wav,
Sound\Spells\Priest_MindShear3.wav,
Sound\Spells\Priest_MindShear4.wav,
Sound\Spells\Priest_Pennance_MissileLoop.wav,
Sound\Spells\Priest_PowerInfusion1.wav,
Sound\Spells\Priest_PowerInfusion2.wav,
Sound\Spells\Priest_PowerInfusion3.wav,
Sound\Spells\ProtectorateIgniter.wav,
Sound\Spells\Purge.wav,
Sound\Spells\PVPEnterQueue.wav,
Sound\Spells\PVPFlagCaptured.wav,
Sound\Spells\PVPFlagCapturedHorde.wav,
Sound\Spells\PVPFlagReturned.wav,
Sound\Spells\PVPFlagTaken.wav,
Sound\Spells\PVPFlagTakenHorde.wav,
Sound\Spells\PVPThroughQueue.wav,
Sound\Spells\PVPVictoryAlliance.wav,
Sound\Spells\PVPVictoryHorde.wav,
Sound\Spells\PVPWarning.wav,
Sound\Spells\PVPWarningAlliance.wav,
Sound\Spells\PVPWarningHorde.wav,
Sound\Spells\RainOfFireImpact01.wav,
Sound\Spells\RainOfFireImpact02.wav,
Sound\Spells\RainOfFireImpact03.wav,
Sound\Spells\RainofTreats.wav,
Sound\Spells\RecklessnessTarget.wav,
Sound\Spells\Rejuvenation.wav,
Sound\Spells\RendTarget.wav,
Sound\Spells\Renew.wav,
Sound\Spells\ReputationLevelUp.wav,
Sound\Spells\ResistanceAura.wav,
Sound\Spells\RestorationImpact.wav,
Sound\Spells\Resurrection.wav,
Sound\Spells\RetributionAura.wav,
Sound\Spells\RighteousFury.wav,
Sound\Spells\RockBiterImpact.wav,
Sound\Spells\RocketMultipleMissilescast.wav,
Sound\Spells\RocketMultipleMissilesLoop.wav,
Sound\Spells\RockShowerLoop.wav,
Sound\Spells\Rogue_DeviousImpact.wav,
Sound\Spells\Rogue_Dismantle.wav,
Sound\Spells\Rogue_shadowdance_state.wav,
Sound\Spells\Rogue_Waylay_state1.wav,
Sound\Spells\Rogue_Waylay_state2.wav,
Sound\Spells\Rogue_Waylay_state3.wav,
Sound\Spells\Rogue_Waylay_state4.wav,
Sound\Spells\Rogue_Waylay_state5.wav,
Sound\Spells\Rotface_Goo_state.wav,
Sound\Spells\RotFace_oozeExplosions_01.wav,
Sound\Spells\RotFace_oozeExplosions_02.wav,
Sound\Spells\RotFace_oozeExplosions_03.wav,
Sound\Spells\RotFace_oozeExplosions_04.wav,
Sound\Spells\SacredCleansingImpact.wav,
Sound\Spells\Saronite_Node_01.wav,
Sound\Spells\SavageBlowTarget.wav,
Sound\Spells\ScorchImpact.wav,
Sound\Spells\Screech.wav,
Sound\Spells\sealofblood_impact_base.wav,
Sound\Spells\sealofcrusader_impact.wav,
Sound\Spells\sealoflight_impact_base.wav,
Sound\Spells\SealofMight.wav,
Sound\Spells\sealofvengeance_impact_base.wav,
Sound\Spells\Seduction_State_Head.wav,
Sound\Spells\SeepingGaseous_Fel_Nova.wav,
Sound\Spells\SeepingGaseous_Fel_Nova_02.wav,
Sound\Spells\SeepingGaseous_Fel_Nova_03.wav,
Sound\Spells\SeepingGaseous_Fel_Nova_04.wav,
Sound\Spells\SeepingGaseous_Fel_Nova_05.wav,
Sound\Spells\SeepingGaseous_Fel_Nova_06.wav,
Sound\Spells\SeepingGaseous_Fel_Nova_07.wav,
Sound\Spells\SeepingGaseous_Fel_Nova_08.wav,
Sound\Spells\SeepingGaseous_Fel_Nova_09.wav,
Sound\Spells\SenseDemons.wav,
Sound\Spells\ShadowFlame_cast.wav,
Sound\Spells\ShadowFormImpact.wav,
Sound\Spells\shadowfury_impact_base.wav,
Sound\Spells\ShadowMourne_Cast_High_01.wav,
Sound\Spells\ShadowMourne_Cast_High_02.wav,
Sound\Spells\ShadowMourne_Cast_High_03.wav,
Sound\Spells\ShadowMourne_Cast_LOW_01.wav,
Sound\Spells\ShadowMourne_Cast_LOW_02.wav,
Sound\Spells\ShadowMourne_Cast_LOW_03.wav,
Sound\Spells\ShadowMourne_Impact_01.wav,
Sound\Spells\ShadowMourne_Impact_02.wav,
Sound\Spells\ShadowMourne_Impact_03.wav,
Sound\Spells\ShadowMourne_Impact_04.wav,
Sound\Spells\ShadowPreCastHigh.wav,
Sound\Spells\ShadowStepImpact.wav,
Sound\Spells\ShadowStrike_Impact_Chest.wav,
Sound\Spells\ShadowWard.wav,
Sound\Spells\ShadowWordBefuddle_HeadDRU.wav,
Sound\Spells\ShadowWordFumble.wav,
Sound\Spells\ShadowWordPainTarget.wav,
Sound\Spells\ShadowWordPain_Chest.wav,
Sound\Spells\ShadowWordSilence.wav,
Sound\Spells\Shadow_Mend_Impact.wav,
Sound\Spells\Shaman_Ancestral_Awakening1.wav,
Sound\Spells\Shaman_Ancestral_Awakening2.wav,
Sound\Spells\Shaman_Ancestral_Awakening3.wav,
Sound\Spells\Shaman_AstralRift.wav,
Sound\Spells\Shaman_Earthliving_Target.wav,
Sound\Spells\Shaman_FeralSpiritImpact.wav,
Sound\Spells\Shaman_LavaBurstImpact1.wav,
Sound\Spells\Shaman_LavaBurstImpact2.wav,
Sound\Spells\Shaman_LavaBurstImpact3.wav,
Sound\Spells\Shaman_SpiritLink01_1.wav,
Sound\Spells\Shaman_SpiritLink01_2.wav,
Sound\Spells\Shaman_SpiritLink01_3.wav,
Sound\Spells\Shaman_Thunder.wav,
Sound\Spells\Shaman_Windshear_01.wav,
Sound\Spells\Shaman_Windshear_02.wav,
Sound\Spells\Shaman_Windshear_03.wav,
Sound\Spells\ShaysBell.wav,
Sound\Spells\ShieldBreak.wav,
Sound\Spells\ShieldWallTarget.wav,
Sound\Spells\ShootWandLaunchArcane.wav,
Sound\Spells\ShootWandLaunchFire.wav,
Sound\Spells\ShootWandLaunchHoly.wav,
Sound\Spells\ShootWandLaunchIce.wav,
Sound\Spells\ShootWandLaunchLightning.wav,
Sound\Spells\ShootWandLaunchNature.wav,
Sound\Spells\ShootWandLaunchPoison.wav,
Sound\Spells\ShootWandLaunchShadow.wav,
Sound\Spells\SimonGame_Visual_BadPress.wav,
Sound\Spells\SimonGame_Visual_GameFailedLarge.wav,
Sound\Spells\SimonGame_Visual_GameFailedSmall.wav,
Sound\Spells\SimonGame_Visual_GameStart.wav,
Sound\Spells\SimonGame_Visual_GameTick.wav,
Sound\Spells\SimonGame_Visual_LevelStart.wav,
Sound\Spells\Sindragosa_DarkmoonVengeance_Impact_Head_01.wav,
Sound\Spells\Sindragosa_DarkmoonVengeance_Impact_Head_02.wav,
Sound\Spells\Sindragosa_DarkmoonVengeance_Impact_Head_03.wav,
Sound\Spells\Sindragosa_frostycircle_hold.wav,
Sound\Spells\Sindragosa_TailSmash_01.wav,
Sound\Spells\Sindragosa_TailSmash_02.wav,
Sound\Spells\Sindragosa_TailSmash_03.wav,
Sound\Spells\Sindragosa_Xplosion_Frost_Impact_01.wav,
Sound\Spells\Sindragosa_Xplosion_Frost_Impact_02.wav,
Sound\Spells\Sindragosa_Xplosion_Frost_Impact_03.wav,
Sound\Spells\SinisterStrikeImpact.wav,
Sound\Spells\SleepImpact.wav,
Sound\Spells\SlingMudTarget.wav,
Sound\Spells\SlowTaget.wav,
Sound\Spells\SnowballPowdery_Impact_Base.wav,
Sound\Spells\SOA_PVPDefeatAlliance.wav,
Sound\Spells\SOA_PVPDefeatHorde.wav,
Sound\Spells\SOA_PVPVictoryAlliance.wav,
Sound\Spells\SOA_PVPVictoryHorde.wav,
Sound\Spells\SOA_PVPWallAttackedAlliance.wav,
Sound\Spells\SOA_PVPWallAttackedHorde.wav,
Sound\Spells\SOA_PVPWallDestroyedAlliance.wav,
Sound\Spells\SOA_PVPWallDestroyedHorde.wav,
Sound\Spells\SonicHornCast.wav,
Sound\Spells\SoulExpelVortex1.wav,
Sound\Spells\SoulExpelVortex10.wav,
Sound\Spells\SoulExpelVortex2.wav,
Sound\Spells\SoulExpelVortex3.wav,
Sound\Spells\SoulExpelVortex4.wav,
Sound\Spells\SoulExpelVortex5.wav,
Sound\Spells\SoulExpelVortex6.wav,
Sound\Spells\SoulExpelVortex7.wav,
Sound\Spells\SoulExpelVortex8.wav,
Sound\Spells\SoulExpelVortex9.wav,
Sound\Spells\SoulFunnel.wav,
Sound\Spells\SoulFunnel_Impact_ChestLoop.wav,
Sound\Spells\SoulShatter_Cast.wav,
Sound\Spells\soulshatter_impact.wav,
Sound\Spells\SoulstoneResurrection_Base.wav,
Sound\Spells\Spawn_Impact_Base.wav,
Sound\Spells\SpellBreakTarget.wav,
Sound\Spells\spellreflection_state_shield.wav,
Sound\Spells\SpikeImpact_01.wav,
Sound\Spells\SpikeImpact_02.wav,
Sound\Spells\SpikeImpact_03.wav,
Sound\Spells\SpiritArmorImpact.wav,
Sound\Spells\SpiritWolf.wav,
Sound\Spells\StarFireImpact.wav,
Sound\Spells\stayofexecution_impact.wav,
Sound\Spells\Stealth.wav,
Sound\Spells\Strike.wav,
Sound\Spells\SummonBats.wav,
Sound\Spells\SummonBroomStick1.wav,
Sound\Spells\SummonBroomStick2.wav,
Sound\Spells\SummonBroomStick3.wav,
Sound\Spells\SummonGhouls1.wav,
Sound\Spells\SummonGhouls2.wav,
Sound\Spells\SummonGhouls3.wav,
Sound\Spells\SummonGyrocopter.wav,
Sound\Spells\SummonNightmare.wav,
Sound\Spells\SummonReindeer.wav,
Sound\Spells\SummonRidingTalbuk.wav,
Sound\Spells\SummonWarHorse.wav,
Sound\Spells\Sunwell_BeamFX.wav,
Sound\Spells\Sunwell_Fel_PortalStand.wav,
Sound\Spells\Swipe.wav,
Sound\Spells\SwipeTarget.wav,
Sound\Spells\symbolofhope_impact_base.wav,
Sound\Spells\Taunt.wav,
Sound\Spells\Teleport.wav,
Sound\Spells\Thorns.wav,
Sound\Spells\ThrowNet.wav,
Sound\Spells\ThrowWater.wav,
Sound\Spells\ThunderClap.wav,
Sound\Spells\Tradeskills\AlchemyCompleteA.wav,
Sound\Spells\Tradeskills\AlchemyCraftingA.wav,
Sound\Spells\Tradeskills\AlchemyCraftingB.wav,
Sound\Spells\Tradeskills\AlchemyCraftingC.wav,
Sound\Spells\Tradeskills\ArmorCraftingA.wav,
Sound\Spells\Tradeskills\ArmorCraftingB.wav,
Sound\Spells\Tradeskills\ArmorCraftingC.wav,
Sound\Spells\Tradeskills\ArmorCraftingCompleteA.wav,
Sound\Spells\Tradeskills\BlackSmithCompleteA.wav,
Sound\Spells\Tradeskills\BlackSmithCraftingA.wav,
Sound\Spells\Tradeskills\BlackSmithCraftingB.wav,
Sound\Spells\Tradeskills\BlackSmithCraftingC.wav,
Sound\Spells\Tradeskills\BlackSmithCraftingD.wav,
Sound\Spells\Tradeskills\BlackSmithCraftingE.wav,
Sound\Spells\Tradeskills\CookingCompleteA.wav,
Sound\Spells\Tradeskills\CookingPrepareA.wav,
Sound\Spells\Tradeskills\CookingPrepareB.wav,
Sound\Spells\Tradeskills\CookingPrepareC.wav,
Sound\Spells\Tradeskills\Engineering.wav,
Sound\Spells\Tradeskills\FishBite.wav,
Sound\Spells\Tradeskills\FishCast.wav,
Sound\Spells\Tradeskills\FishReelIn.wav,
Sound\Spells\Tradeskills\HerbalismSearchA.wav,
Sound\Spells\Tradeskills\HerbalismSearchB.wav,
Sound\Spells\Tradeskills\HerbalismSearchC.wav,
Sound\Spells\Tradeskills\HerbalismSearchD.wav,
Sound\Spells\Tradeskills\LeatherWorking.wav,
Sound\Spells\Tradeskills\MiningHitA.wav,
Sound\Spells\Tradeskills\MiningHitB.wav,
Sound\Spells\Tradeskills\MiningHitC.wav,
Sound\Spells\Tradeskills\MiningHitD.wav,
Sound\Spells\Tradeskills\MiningHitE.wav,
Sound\Spells\Tradeskills\SharpenWeapon1.wav,
Sound\Spells\Tradeskills\SharpenWeapon2.wav,
Sound\Spells\Tradeskills\SharpenWeapon3.wav,
Sound\Spells\Tradeskills\Tailoring.wav,
Sound\Spells\Tranquility.wav,
Sound\Spells\TreeDisguise.wav,
Sound\Spells\TurntheTables1.wav,
Sound\Spells\TurntheTables2.wav,
Sound\Spells\TurntheTables3.wav,
Sound\Spells\TurnUndeadTarget.wav,
Sound\Spells\ud_bubblegum_01.wav,
Sound\Spells\UD_Flowers01_State.wav,
Sound\Spells\UD_OgrePinataDeath.wav,
Sound\Spells\Ulduar_FlameLeviathan_FlameJets_01.wav,
Sound\Spells\Ulduar_FlameLeviathan_FlameJets_02.wav,
Sound\Spells\Ulduar_FlameLeviathan_FlameJets_03.wav,
Sound\Spells\Ulduar_FlameLeviathan_GatheringSpeed.wav,
Sound\Spells\Ulduar_Freya _GroundTremor.wav,
Sound\Spells\Ulduar_Freya_Sunbeam_1.wav,
Sound\Spells\Ulduar_Freya_Sunbeam_2.wav,
Sound\Spells\Ulduar_Freya_Sunbeam_3.wav,
Sound\Spells\Ulduar_Hodir_FlashFreeze.wav,
Sound\Spells\Ulduar_IronConcil_OverloadEffect.wav,
Sound\Spells\Ulduar_IronCouncil_OverwhelmingPower.wav,
Sound\Spells\Ulduar_KologarnShockWave.wav,
Sound\Spells\Ulduar_Kologarn_FocusedEyeBeam_Impact_1.wav,
Sound\Spells\Ulduar_Kologarn_FocusedEyeBeam_Impact_2.wav,
Sound\Spells\Ulduar_Kologarn_FocusedEyeBeam_Impact_3.wav,
Sound\Spells\Ulduar_Mimiron_Plasmaball_Cast_01.wav,
Sound\Spells\Ulduar_Mimiron_Plasmaball_Cast_02.wav,
Sound\Spells\Ulduar_Mimiron_Plasmaball_Cast_03.wav,
Sound\Spells\Ulduar_Mimiron_RapidBurst_01.wav,
Sound\Spells\Ulduar_Mimiron_RapidBurst_02.wav,
Sound\Spells\Ulduar_Mimiron_RapidBurst_03.wav,
Sound\Spells\Ulduar_Mimiron_RapidBurst_04.wav,
Sound\Spells\Ulduar_Mimiron_RapidBurst_05.wav,
Sound\Spells\Ulduar_Mimiron_RapidBurst_06.wav,
Sound\Spells\Ulduar_Mimiron_RapidBurst_07.wav,
Sound\Spells\Ulduar_Mimiron_RapidBurst_08.wav,
Sound\Spells\Ulduar_Mimoron_P3WX2_PlasmablstLoopSTE.wav,
Sound\Spells\Ulduar_XT002_Lightbomb.wav,
Sound\Spells\unfairadvantage_cast.wav,
Sound\Spells\unstableaffliction_impact_chest.wav,
Sound\Spells\UnyieldingWillTarget.wav,
Sound\Spells\ValentineFirework.wav,
Sound\Spells\valentines_brokenheart.wav,
Sound\Spells\valentines_lookingforloveheart.wav,
Sound\Spells\Vanish.wav,
Sound\Spells\VengeanceEffect.wav,
Sound\Spells\victory_rush_impact.wav,
Sound\Spells\WandFireCast1.wav,
Sound\Spells\WandFireCast2.wav,
Sound\Spells\WandFireCast3.wav,
Sound\Spells\Warlock_Atrocity.wav,
Sound\Spells\Warlock_Metamorphosis_Impact01.wav,
Sound\Spells\WarriorSwings\SwingWeaponSpecialWarriorA.wav,
Sound\Spells\WarriorSwings\SwingWeaponSpecialWarriorB.wav,
Sound\Spells\WarriorSwings\SwingWeaponSpecialWarriorC.wav,
Sound\Spells\WarriorSwings\SwingWeaponSpecialWarriorD.wav,
Sound\Spells\WarriorSwings\SwingWeaponSpecialWarriorE.wav,
Sound\Spells\Warrior_BladeStorm.wav,
Sound\Spells\Warrior_BladestormStand1.wav,
Sound\Spells\Warrior_BladestormStand2.wav,
Sound\Spells\Warrior_BladestormStand3.wav,
Sound\Spells\Warrior_BloodBath.wav,
Sound\Spells\Warrior_BloodSurge.wav,
Sound\Spells\Warrior_Bloodsurge_SaurFang_01.wav,
Sound\Spells\Warrior_Bloodsurge_SaurFang_02.wav,
Sound\Spells\Warrior_Bloodsurge_SaurFang_03.wav,
Sound\Spells\Warrior_Bloodsurge_SaurFang_04.wav,
Sound\Spells\Warrior_Bloodsurge_SaurFang_05.wav,
Sound\Spells\Warrior_Devastate1.wav,
Sound\Spells\Warrior_Devastate2.wav,
Sound\Spells\Warrior_Devastate3.wav,
Sound\Spells\Warrior_Devastate4.wav,
Sound\Spells\Warrior_Devastate5.wav,
Sound\Spells\Warrior_Devastate6.wav,
Sound\Spells\Warrior_Devastate7.wav,
Sound\Spells\Warrior_HeroicThrowMissile.wav,
Sound\Spells\Warrior_Heroic_Throw_Impact1.wav,
Sound\Spells\Warrior_Heroic_Throw_Impact2.wav,
Sound\Spells\Warrior_Heroic_Throw_Impact3.wav,
Sound\Spells\Warrior_Revenge1.wav,
Sound\Spells\Warrior_Revenge2.wav,
Sound\Spells\Warrior_Revenge3.wav,
Sound\Spells\Warrior_Revenge4.wav,
Sound\Spells\Warrior_Safeguard.wav,
Sound\Spells\Warrior_ShockWave_Area.wav,
Sound\Spells\WaterElementalLow_Imapct_Base1.wav,
Sound\Spells\WaterElementalLow_Imapct_Base2.wav,
Sound\Spells\WaterElementalLow_Imapct_Base3.wav,
Sound\Spells\WaterElemental_Impact_Base.wav,
Sound\Spells\WaterShield.wav,
Sound\Spells\WaterShieldStatic.wav,
Sound\Spells\watershield_impact_base.wav,
Sound\Spells\WaterSteam_Impact1.wav,
Sound\Spells\WaterSteam_Impact2.wav,
Sound\Spells\WaterSteam_Impact3.wav,
Sound\Spells\wellofsouls_base.wav,
Sound\Spells\WhirlwindLoop.wav,
Sound\Spells\WhirlwindShort.wav,
Sound\Spells\WolfEatFlesh1.wav,
Sound\Spells\WolfEatFlesh10.wav,
Sound\Spells\WolfEatFlesh2.wav,
Sound\Spells\WolfEatFlesh3.wav,
Sound\Spells\WolfEatFlesh4.wav,
Sound\Spells\WolfEatFlesh5.wav,
Sound\Spells\WolfEatFlesh6.wav,
Sound\Spells\WolfEatFlesh7.wav,
Sound\Spells\WolfEatFlesh8.wav,
Sound\Spells\WolfEatFlesh9.wav,
Sound\Spells\wrongfully_accused_impact.wav,
Sound\Spells\YarrrrImpact.wav,
sound\spells\Zalanzanes_Shield_Cast.wav,
sound\spells\Zalanzanes_Shield_Loop_01.wav,
sound\spells\Zalanzanes_Shield_Loop_02.wav,
sound\spells\Zalanzanes_Shield_Loop_03.wav,
sound\spells\Zalanzanes_Shield_Loop_04.wav,
sound\spells\Zalanzanes_Shield_Loop_05.wav,
sound\spells\Zalanzanes_Shield_Loop_06.wav,
sound\spells\Zalanzanes_Shield_Loop_07.wav,
Sound\Spells\ZulAmanTransformFrog.wav,